{
  "ABIRoot": {
    "kind": "Root",
    "name": "TopLevel",
    "printedName": "TopLevel",
    "children": [
      {
        "kind": "Import",
        "name": "CoreLocation",
        "printedName": "CoreLocation",
        "declKind": "Import",
        "moduleName": "PenAttendify",
        "declAttributes": [
          "RawDocComment"
        ]
      },
      {
        "kind": "Import",
        "name": "Foundation",
        "printedName": "Foundation",
        "declKind": "Import",
        "moduleName": "PenAttendify",
        "declAttributes": [
          "RawDocComment"
        ]
      },
      {
        "kind": "Import",
        "name": "Foundation",
        "printedName": "Foundation",
        "declKind": "Import",
        "moduleName": "PenAttendify",
        "declAttributes": [
          "RawDocComment"
        ]
      },
      {
        "kind": "Import",
        "name": "Foundation",
        "printedName": "Foundation",
        "declKind": "Import",
        "moduleName": "PenAttendify",
        "declAttributes": [
          "RawDocComment"
        ]
      },
      {
        "kind": "TypeDecl",
        "name": "PenAttendifyConfiguration",
        "printedName": "PenAttendifyConfiguration",
        "children": [
          {
            "kind": "Constructor",
            "name": "init",
            "printedName": "init(baseUrl:serviceName:clientName:clientKey:companyName:companyId:)",
            "children": [
              {
                "kind": "TypeNominal",
                "name": "PenAttendifyConfiguration",
                "printedName": "PenAttendify.PenAttendifyConfiguration",
                "usr": "s:12PenAttendify0aB13ConfigurationC"
              },
              {
                "kind": "TypeNominal",
                "name": "String",
                "printedName": "Swift.String",
                "usr": "s:SS"
              },
              {
                "kind": "TypeNominal",
                "name": "String",
                "printedName": "Swift.String",
                "usr": "s:SS"
              },
              {
                "kind": "TypeNominal",
                "name": "String",
                "printedName": "Swift.String",
                "usr": "s:SS"
              },
              {
                "kind": "TypeNominal",
                "name": "String",
                "printedName": "Swift.String",
                "usr": "s:SS"
              },
              {
                "kind": "TypeNominal",
                "name": "String",
                "printedName": "Swift.String",
                "usr": "s:SS"
              },
              {
                "kind": "TypeNominal",
                "name": "String",
                "printedName": "Swift.String",
                "usr": "s:SS"
              }
            ],
            "declKind": "Constructor",
            "usr": "s:12PenAttendify0aB13ConfigurationC7baseUrl11serviceName06clientG00H3Key07companyG00J2IdACSS_S5Stcfc",
            "mangledName": "$s12PenAttendify0aB13ConfigurationC7baseUrl11serviceName06clientG00H3Key07companyG00J2IdACSS_S5Stcfc",
            "moduleName": "PenAttendify",
            "declAttributes": [
              "AccessControl"
            ],
            "init_kind": "Designated"
          }
        ],
        "declKind": "Class",
        "usr": "s:12PenAttendify0aB13ConfigurationC",
        "mangledName": "$s12PenAttendify0aB13ConfigurationC",
        "moduleName": "PenAttendify",
        "declAttributes": [
          "AccessControl",
          "RawDocComment"
        ]
      },
      {
        "kind": "TypeDecl",
        "name": "PenAttendifyConfigurationBuilder",
        "printedName": "PenAttendifyConfigurationBuilder",
        "children": [
          {
            "kind": "Constructor",
            "name": "init",
            "printedName": "init()",
            "children": [
              {
                "kind": "TypeNominal",
                "name": "PenAttendifyConfigurationBuilder",
                "printedName": "PenAttendify.PenAttendifyConfigurationBuilder",
                "usr": "s:12PenAttendify0aB20ConfigurationBuilderC"
              }
            ],
            "declKind": "Constructor",
            "usr": "s:12PenAttendify0aB20ConfigurationBuilderCACycfc",
            "mangledName": "$s12PenAttendify0aB20ConfigurationBuilderCACycfc",
            "moduleName": "PenAttendify",
            "declAttributes": [
              "AccessControl"
            ],
            "init_kind": "Designated"
          },
          {
            "kind": "Function",
            "name": "setBaseUrl",
            "printedName": "setBaseUrl(_:)",
            "children": [
              {
                "kind": "TypeNominal",
                "name": "DynamicSelf",
                "printedName": "Self"
              },
              {
                "kind": "TypeNominal",
                "name": "String",
                "printedName": "Swift.String",
                "usr": "s:SS"
              }
            ],
            "declKind": "Func",
            "usr": "s:12PenAttendify0aB20ConfigurationBuilderC10setBaseUrlyACXDSSF",
            "mangledName": "$s12PenAttendify0aB20ConfigurationBuilderC10setBaseUrlyACXDSSF",
            "moduleName": "PenAttendify",
            "declAttributes": [
              "AccessControl"
            ],
            "funcSelfKind": "NonMutating"
          },
          {
            "kind": "Function",
            "name": "setServiceName",
            "printedName": "setServiceName(_:)",
            "children": [
              {
                "kind": "TypeNominal",
                "name": "DynamicSelf",
                "printedName": "Self"
              },
              {
                "kind": "TypeNominal",
                "name": "String",
                "printedName": "Swift.String",
                "usr": "s:SS"
              }
            ],
            "declKind": "Func",
            "usr": "s:12PenAttendify0aB20ConfigurationBuilderC14setServiceNameyACXDSSF",
            "mangledName": "$s12PenAttendify0aB20ConfigurationBuilderC14setServiceNameyACXDSSF",
            "moduleName": "PenAttendify",
            "declAttributes": [
              "AccessControl"
            ],
            "funcSelfKind": "NonMutating"
          },
          {
            "kind": "Function",
            "name": "setClientName",
            "printedName": "setClientName(_:)",
            "children": [
              {
                "kind": "TypeNominal",
                "name": "DynamicSelf",
                "printedName": "Self"
              },
              {
                "kind": "TypeNominal",
                "name": "String",
                "printedName": "Swift.String",
                "usr": "s:SS"
              }
            ],
            "declKind": "Func",
            "usr": "s:12PenAttendify0aB20ConfigurationBuilderC13setClientNameyACXDSSF",
            "mangledName": "$s12PenAttendify0aB20ConfigurationBuilderC13setClientNameyACXDSSF",
            "moduleName": "PenAttendify",
            "declAttributes": [
              "AccessControl"
            ],
            "funcSelfKind": "NonMutating"
          },
          {
            "kind": "Function",
            "name": "setClientKey",
            "printedName": "setClientKey(_:)",
            "children": [
              {
                "kind": "TypeNominal",
                "name": "DynamicSelf",
                "printedName": "Self"
              },
              {
                "kind": "TypeNominal",
                "name": "String",
                "printedName": "Swift.String",
                "usr": "s:SS"
              }
            ],
            "declKind": "Func",
            "usr": "s:12PenAttendify0aB20ConfigurationBuilderC12setClientKeyyACXDSSF",
            "mangledName": "$s12PenAttendify0aB20ConfigurationBuilderC12setClientKeyyACXDSSF",
            "moduleName": "PenAttendify",
            "declAttributes": [
              "AccessControl"
            ],
            "funcSelfKind": "NonMutating"
          },
          {
            "kind": "Function",
            "name": "setCompanyName",
            "printedName": "setCompanyName(_:)",
            "children": [
              {
                "kind": "TypeNominal",
                "name": "DynamicSelf",
                "printedName": "Self"
              },
              {
                "kind": "TypeNominal",
                "name": "String",
                "printedName": "Swift.String",
                "usr": "s:SS"
              }
            ],
            "declKind": "Func",
            "usr": "s:12PenAttendify0aB20ConfigurationBuilderC14setCompanyNameyACXDSSF",
            "mangledName": "$s12PenAttendify0aB20ConfigurationBuilderC14setCompanyNameyACXDSSF",
            "moduleName": "PenAttendify",
            "declAttributes": [
              "AccessControl"
            ],
            "funcSelfKind": "NonMutating"
          },
          {
            "kind": "Function",
            "name": "setCompanyId",
            "printedName": "setCompanyId(_:)",
            "children": [
              {
                "kind": "TypeNominal",
                "name": "DynamicSelf",
                "printedName": "Self"
              },
              {
                "kind": "TypeNominal",
                "name": "String",
                "printedName": "Swift.String",
                "usr": "s:SS"
              }
            ],
            "declKind": "Func",
            "usr": "s:12PenAttendify0aB20ConfigurationBuilderC12setCompanyIdyACXDSSF",
            "mangledName": "$s12PenAttendify0aB20ConfigurationBuilderC12setCompanyIdyACXDSSF",
            "moduleName": "PenAttendify",
            "declAttributes": [
              "AccessControl"
            ],
            "funcSelfKind": "NonMutating"
          },
          {
            "kind": "Function",
            "name": "build",
            "printedName": "build()",
            "children": [
              {
                "kind": "TypeNominal",
                "name": "PenAttendifyConfiguration",
                "printedName": "PenAttendify.PenAttendifyConfiguration",
                "usr": "s:12PenAttendify0aB13ConfigurationC"
              }
            ],
            "declKind": "Func",
            "usr": "s:12PenAttendify0aB20ConfigurationBuilderC5buildAA0abC0CyF",
            "mangledName": "$s12PenAttendify0aB20ConfigurationBuilderC5buildAA0abC0CyF",
            "moduleName": "PenAttendify",
            "declAttributes": [
              "AccessControl"
            ],
            "funcSelfKind": "NonMutating"
          }
        ],
        "declKind": "Class",
        "usr": "s:12PenAttendify0aB20ConfigurationBuilderC",
        "mangledName": "$s12PenAttendify0aB20ConfigurationBuilderC",
        "moduleName": "PenAttendify",
        "declAttributes": [
          "AccessControl",
          "RawDocComment"
        ]
      },
      {
        "kind": "Import",
        "name": "Foundation",
        "printedName": "Foundation",
        "declKind": "Import",
        "moduleName": "PenAttendify",
        "declAttributes": [
          "RawDocComment"
        ]
      },
      {
        "kind": "TypeDecl",
        "name": "PenAttendifyDelegate",
        "printedName": "PenAttendifyDelegate",
        "children": [
          {
            "kind": "Function",
            "name": "didFinishInitializing",
            "printedName": "didFinishInitializing()",
            "children": [
              {
                "kind": "TypeNominal",
                "name": "Void",
                "printedName": "()"
              }
            ],
            "declKind": "Func",
            "usr": "s:12PenAttendify0aB8DelegateP21didFinishInitializingyyF",
            "mangledName": "$s12PenAttendify0aB8DelegateP21didFinishInitializingyyF",
            "moduleName": "PenAttendify",
            "genericSig": "<τ_0_0 where τ_0_0 : PenAttendify.PenAttendifyDelegate>",
            "sugared_genericSig": "<Self where Self : PenAttendify.PenAttendifyDelegate>",
            "protocolReq": true,
            "declAttributes": [
              "RawDocComment"
            ],
            "reqNewWitnessTableEntry": true,
            "funcSelfKind": "NonMutating"
          },
          {
            "kind": "Function",
            "name": "didStartScanning",
            "printedName": "didStartScanning()",
            "children": [
              {
                "kind": "TypeNominal",
                "name": "Void",
                "printedName": "()"
              }
            ],
            "declKind": "Func",
            "usr": "s:12PenAttendify0aB8DelegateP16didStartScanningyyF",
            "mangledName": "$s12PenAttendify0aB8DelegateP16didStartScanningyyF",
            "moduleName": "PenAttendify",
            "genericSig": "<τ_0_0 where τ_0_0 : PenAttendify.PenAttendifyDelegate>",
            "sugared_genericSig": "<Self where Self : PenAttendify.PenAttendifyDelegate>",
            "protocolReq": true,
            "declAttributes": [
              "RawDocComment"
            ],
            "reqNewWitnessTableEntry": true,
            "funcSelfKind": "NonMutating"
          },
          {
            "kind": "Function",
            "name": "didFinishScanning",
            "printedName": "didFinishScanning(results:)",
            "children": [
              {
                "kind": "TypeNominal",
                "name": "Void",
                "printedName": "()"
              },
              {
                "kind": "TypeNominal",
                "name": "Array",
                "printedName": "[(zoneId: Swift.Int, zoneTitle: Swift.String?, zoneRatio: Swift.Double)]",
                "children": [
                  {
                    "kind": "TypeNominal",
                    "name": "Tuple",
                    "printedName": "(zoneId: Swift.Int, zoneTitle: Swift.String?, zoneRatio: Swift.Double)",
                    "children": [
                      {
                        "kind": "TypeNominal",
                        "name": "Int",
                        "printedName": "Swift.Int",
                        "usr": "s:Si"
                      },
                      {
                        "kind": "TypeNominal",
                        "name": "Optional",
                        "printedName": "Swift.String?",
                        "children": [
                          {
                            "kind": "TypeNominal",
                            "name": "String",
                            "printedName": "Swift.String",
                            "usr": "s:SS"
                          }
                        ],
                        "usr": "s:Sq"
                      },
                      {
                        "kind": "TypeNominal",
                        "name": "Double",
                        "printedName": "Swift.Double",
                        "usr": "s:Sd"
                      }
                    ]
                  }
                ],
                "usr": "s:Sa"
              }
            ],
            "declKind": "Func",
            "usr": "s:12PenAttendify0aB8DelegateP17didFinishScanning7resultsySaySi6zoneId_SSSg0H5TitleSd0H5RatiotG_tF",
            "mangledName": "$s12PenAttendify0aB8DelegateP17didFinishScanning7resultsySaySi6zoneId_SSSg0H5TitleSd0H5RatiotG_tF",
            "moduleName": "PenAttendify",
            "genericSig": "<τ_0_0 where τ_0_0 : PenAttendify.PenAttendifyDelegate>",
            "sugared_genericSig": "<Self where Self : PenAttendify.PenAttendifyDelegate>",
            "protocolReq": true,
            "declAttributes": [
              "RawDocComment"
            ],
            "reqNewWitnessTableEntry": true,
            "funcSelfKind": "NonMutating"
          },
          {
            "kind": "Function",
            "name": "didFailWithError",
            "printedName": "didFailWithError(error:)",
            "children": [
              {
                "kind": "TypeNominal",
                "name": "Void",
                "printedName": "()"
              },
              {
                "kind": "TypeNominal",
                "name": "PenAttendifyError",
                "printedName": "PenAttendify.PenAttendifyError",
                "usr": "s:12PenAttendify0aB5ErrorO"
              }
            ],
            "declKind": "Func",
            "usr": "s:12PenAttendify0aB8DelegateP16didFailWithError5erroryAA0abG0O_tF",
            "mangledName": "$s12PenAttendify0aB8DelegateP16didFailWithError5erroryAA0abG0O_tF",
            "moduleName": "PenAttendify",
            "genericSig": "<τ_0_0 where τ_0_0 : PenAttendify.PenAttendifyDelegate>",
            "sugared_genericSig": "<Self where Self : PenAttendify.PenAttendifyDelegate>",
            "protocolReq": true,
            "declAttributes": [
              "RawDocComment"
            ],
            "reqNewWitnessTableEntry": true,
            "funcSelfKind": "NonMutating"
          }
        ],
        "declKind": "Protocol",
        "usr": "s:12PenAttendify0aB8DelegateP",
        "mangledName": "$s12PenAttendify0aB8DelegateP",
        "moduleName": "PenAttendify",
        "genericSig": "<τ_0_0 : AnyObject>",
        "sugared_genericSig": "<Self : AnyObject>",
        "declAttributes": [
          "AccessControl",
          "RawDocComment"
        ]
      },
      {
        "kind": "TypeDecl",
        "name": "PenAttendify",
        "printedName": "PenAttendify",
        "children": [
          {
            "kind": "Var",
            "name": "delegate",
            "printedName": "delegate",
            "children": [
              {
                "kind": "TypeNominal",
                "name": "WeakStorage",
                "printedName": "PenAttendify.PenAttendifyDelegate?"
              }
            ],
            "declKind": "Var",
            "usr": "s:12PenAttendifyAAC8delegateAA0aB8Delegate_pSgvpZ",
            "mangledName": "$s12PenAttendifyAAC8delegateAA0aB8Delegate_pSgvpZ",
            "moduleName": "PenAttendify",
            "static": true,
            "declAttributes": [
              "HasInitialValue",
              "Final",
              "HasStorage",
              "ReferenceOwnership",
              "AccessControl",
              "RawDocComment"
            ],
            "ownership": 1,
            "hasStorage": true,
            "accessors": [
              {
                "kind": "Accessor",
                "name": "Get",
                "printedName": "Get()",
                "children": [
                  {
                    "kind": "TypeNominal",
                    "name": "Optional",
                    "printedName": "PenAttendify.PenAttendifyDelegate?",
                    "children": [
                      {
                        "kind": "TypeNominal",
                        "name": "PenAttendifyDelegate",
                        "printedName": "PenAttendify.PenAttendifyDelegate",
                        "usr": "s:12PenAttendify0aB8DelegateP"
                      }
                    ],
                    "usr": "s:Sq"
                  }
                ],
                "declKind": "Accessor",
                "usr": "s:12PenAttendifyAAC8delegateAA0aB8Delegate_pSgvgZ",
                "mangledName": "$s12PenAttendifyAAC8delegateAA0aB8Delegate_pSgvgZ",
                "moduleName": "PenAttendify",
                "static": true,
                "implicit": true,
                "declAttributes": [
                  "Final"
                ],
                "accessorKind": "get"
              },
              {
                "kind": "Accessor",
                "name": "Set",
                "printedName": "Set()",
                "children": [
                  {
                    "kind": "TypeNominal",
                    "name": "Void",
                    "printedName": "()"
                  },
                  {
                    "kind": "TypeNominal",
                    "name": "Optional",
                    "printedName": "PenAttendify.PenAttendifyDelegate?",
                    "children": [
                      {
                        "kind": "TypeNominal",
                        "name": "PenAttendifyDelegate",
                        "printedName": "PenAttendify.PenAttendifyDelegate",
                        "usr": "s:12PenAttendify0aB8DelegateP"
                      }
                    ],
                    "usr": "s:Sq"
                  }
                ],
                "declKind": "Accessor",
                "usr": "s:12PenAttendifyAAC8delegateAA0aB8Delegate_pSgvsZ",
                "mangledName": "$s12PenAttendifyAAC8delegateAA0aB8Delegate_pSgvsZ",
                "moduleName": "PenAttendify",
                "static": true,
                "implicit": true,
                "declAttributes": [
                  "Final"
                ],
                "accessorKind": "set"
              },
              {
                "kind": "Accessor",
                "name": "Modify",
                "printedName": "Modify()",
                "children": [
                  {
                    "kind": "TypeNominal",
                    "name": "Void",
                    "printedName": "()"
                  }
                ],
                "declKind": "Accessor",
                "usr": "s:12PenAttendifyAAC8delegateAA0aB8Delegate_pSgvMZ",
                "mangledName": "$s12PenAttendifyAAC8delegateAA0aB8Delegate_pSgvMZ",
                "moduleName": "PenAttendify",
                "static": true,
                "implicit": true,
                "declAttributes": [
                  "Final"
                ],
                "accessorKind": "_modify"
              }
            ]
          },
          {
            "kind": "Function",
            "name": "initialize",
            "printedName": "initialize(with:)",
            "children": [
              {
                "kind": "TypeNominal",
                "name": "Void",
                "printedName": "()"
              },
              {
                "kind": "TypeNominal",
                "name": "PenAttendifyConfiguration",
                "printedName": "PenAttendify.PenAttendifyConfiguration",
                "usr": "s:12PenAttendify0aB13ConfigurationC"
              }
            ],
            "declKind": "Func",
            "usr": "s:12PenAttendifyAAC10initialize4withyAA0aB13ConfigurationC_tFZ",
            "mangledName": "$s12PenAttendifyAAC10initialize4withyAA0aB13ConfigurationC_tFZ",
            "moduleName": "PenAttendify",
            "static": true,
            "declAttributes": [
              "Final",
              "AccessControl",
              "RawDocComment"
            ],
            "funcSelfKind": "NonMutating"
          },
          {
            "kind": "Function",
            "name": "startScan",
            "printedName": "startScan()",
            "children": [
              {
                "kind": "TypeNominal",
                "name": "Void",
                "printedName": "()"
              }
            ],
            "declKind": "Func",
            "usr": "s:12PenAttendifyAAC9startScanyyFZ",
            "mangledName": "$s12PenAttendifyAAC9startScanyyFZ",
            "moduleName": "PenAttendify",
            "static": true,
            "declAttributes": [
              "Final",
              "AccessControl",
              "RawDocComment"
            ],
            "funcSelfKind": "NonMutating"
          },
          {
            "kind": "Function",
            "name": "stopScan",
            "printedName": "stopScan()",
            "children": [
              {
                "kind": "TypeNominal",
                "name": "Void",
                "printedName": "()"
              }
            ],
            "declKind": "Func",
            "usr": "s:12PenAttendifyAAC8stopScanyyFZ",
            "mangledName": "$s12PenAttendifyAAC8stopScanyyFZ",
            "moduleName": "PenAttendify",
            "static": true,
            "declAttributes": [
              "Final",
              "AccessControl",
              "RawDocComment"
            ],
            "funcSelfKind": "NonMutating"
          },
          {
            "kind": "Function",
            "name": "deinitialize",
            "printedName": "deinitialize()",
            "children": [
              {
                "kind": "TypeNominal",
                "name": "Void",
                "printedName": "()"
              }
            ],
            "declKind": "Func",
            "usr": "s:12PenAttendifyAAC12deinitializeyyFZ",
            "mangledName": "$s12PenAttendifyAAC12deinitializeyyFZ",
            "moduleName": "PenAttendify",
            "static": true,
            "declAttributes": [
              "Final",
              "AccessControl",
              "RawDocComment"
            ],
            "funcSelfKind": "NonMutating"
          },
          {
            "kind": "Function",
            "name": "isIsInitialized",
            "printedName": "isIsInitialized()",
            "children": [
              {
                "kind": "TypeNominal",
                "name": "Bool",
                "printedName": "Swift.Bool",
                "usr": "s:Sb"
              }
            ],
            "declKind": "Func",
            "usr": "s:12PenAttendifyAAC15isIsInitializedSbyFZ",
            "mangledName": "$s12PenAttendifyAAC15isIsInitializedSbyFZ",
            "moduleName": "PenAttendify",
            "static": true,
            "declAttributes": [
              "Final",
              "AccessControl",
              "RawDocComment"
            ],
            "funcSelfKind": "NonMutating"
          }
        ],
        "declKind": "Class",
        "usr": "s:12PenAttendifyAAC",
        "mangledName": "$s12PenAttendifyAAC",
        "moduleName": "PenAttendify",
        "declAttributes": [
          "AccessControl",
          "RawDocComment"
        ],
        "hasMissingDesignatedInitializers": true
      },
      {
        "kind": "Import",
        "name": "Foundation",
        "printedName": "Foundation",
        "declKind": "Import",
        "moduleName": "PenAttendify",
        "declAttributes": [
          "RawDocComment"
        ]
      },
      {
        "kind": "TypeDecl",
        "name": "PenAttendifyError",
        "printedName": "PenAttendifyError",
        "children": [
          {
            "kind": "Var",
            "name": "locationPermissionUnauthorized",
            "printedName": "locationPermissionUnauthorized",
            "children": [
              {
                "kind": "TypeFunc",
                "name": "Function",
                "printedName": "(PenAttendify.PenAttendifyError.Type) -> PenAttendify.PenAttendifyError",
                "children": [
                  {
                    "kind": "TypeNominal",
                    "name": "PenAttendifyError",
                    "printedName": "PenAttendify.PenAttendifyError",
                    "usr": "s:12PenAttendify0aB5ErrorO"
                  },
                  {
                    "kind": "TypeNominal",
                    "name": "Metatype",
                    "printedName": "PenAttendify.PenAttendifyError.Type",
                    "children": [
                      {
                        "kind": "TypeNominal",
                        "name": "PenAttendifyError",
                        "printedName": "PenAttendify.PenAttendifyError",
                        "usr": "s:12PenAttendify0aB5ErrorO"
                      }
                    ]
                  }
                ]
              }
            ],
            "declKind": "EnumElement",
            "usr": "s:12PenAttendify0aB5ErrorO30locationPermissionUnauthorizedyA2CmF",
            "mangledName": "$s12PenAttendify0aB5ErrorO30locationPermissionUnauthorizedyA2CmF",
            "moduleName": "PenAttendify",
            "declAttributes": [
              "RawDocComment"
            ]
          },
          {
            "kind": "Var",
            "name": "bluetoothTurnedOff",
            "printedName": "bluetoothTurnedOff",
            "children": [
              {
                "kind": "TypeFunc",
                "name": "Function",
                "printedName": "(PenAttendify.PenAttendifyError.Type) -> PenAttendify.PenAttendifyError",
                "children": [
                  {
                    "kind": "TypeNominal",
                    "name": "PenAttendifyError",
                    "printedName": "PenAttendify.PenAttendifyError",
                    "usr": "s:12PenAttendify0aB5ErrorO"
                  },
                  {
                    "kind": "TypeNominal",
                    "name": "Metatype",
                    "printedName": "PenAttendify.PenAttendifyError.Type",
                    "children": [
                      {
                        "kind": "TypeNominal",
                        "name": "PenAttendifyError",
                        "printedName": "PenAttendify.PenAttendifyError",
                        "usr": "s:12PenAttendify0aB5ErrorO"
                      }
                    ]
                  }
                ]
              }
            ],
            "declKind": "EnumElement",
            "usr": "s:12PenAttendify0aB5ErrorO18bluetoothTurnedOffyA2CmF",
            "mangledName": "$s12PenAttendify0aB5ErrorO18bluetoothTurnedOffyA2CmF",
            "moduleName": "PenAttendify",
            "declAttributes": [
              "RawDocComment"
            ]
          },
          {
            "kind": "Var",
            "name": "serviceNotInitialized",
            "printedName": "serviceNotInitialized",
            "children": [
              {
                "kind": "TypeFunc",
                "name": "Function",
                "printedName": "(PenAttendify.PenAttendifyError.Type) -> PenAttendify.PenAttendifyError",
                "children": [
                  {
                    "kind": "TypeNominal",
                    "name": "PenAttendifyError",
                    "printedName": "PenAttendify.PenAttendifyError",
                    "usr": "s:12PenAttendify0aB5ErrorO"
                  },
                  {
                    "kind": "TypeNominal",
                    "name": "Metatype",
                    "printedName": "PenAttendify.PenAttendifyError.Type",
                    "children": [
                      {
                        "kind": "TypeNominal",
                        "name": "PenAttendifyError",
                        "printedName": "PenAttendify.PenAttendifyError",
                        "usr": "s:12PenAttendify0aB5ErrorO"
                      }
                    ]
                  }
                ]
              }
            ],
            "declKind": "EnumElement",
            "usr": "s:12PenAttendify0aB5ErrorO21serviceNotInitializedyA2CmF",
            "mangledName": "$s12PenAttendify0aB5ErrorO21serviceNotInitializedyA2CmF",
            "moduleName": "PenAttendify",
            "declAttributes": [
              "RawDocComment"
            ]
          },
          {
            "kind": "Function",
            "name": "==",
            "printedName": "==(_:_:)",
            "children": [
              {
                "kind": "TypeNominal",
                "name": "Bool",
                "printedName": "Swift.Bool",
                "usr": "s:Sb"
              },
              {
                "kind": "TypeNominal",
                "name": "PenAttendifyError",
                "printedName": "PenAttendify.PenAttendifyError",
                "usr": "s:12PenAttendify0aB5ErrorO"
              },
              {
                "kind": "TypeNominal",
                "name": "PenAttendifyError",
                "printedName": "PenAttendify.PenAttendifyError",
                "usr": "s:12PenAttendify0aB5ErrorO"
              }
            ],
            "declKind": "Func",
            "usr": "s:12PenAttendify0aB5ErrorO2eeoiySbAC_ACtFZ",
            "mangledName": "$s12PenAttendify0aB5ErrorO2eeoiySbAC_ACtFZ",
            "moduleName": "PenAttendify",
            "static": true,
            "implicit": true,
            "funcSelfKind": "NonMutating"
          },
          {
            "kind": "Var",
            "name": "hashValue",
            "printedName": "hashValue",
            "children": [
              {
                "kind": "TypeNominal",
                "name": "Int",
                "printedName": "Swift.Int",
                "usr": "s:Si"
              }
            ],
            "declKind": "Var",
            "usr": "s:12PenAttendify0aB5ErrorO9hashValueSivp",
            "mangledName": "$s12PenAttendify0aB5ErrorO9hashValueSivp",
            "moduleName": "PenAttendify",
            "implicit": true,
            "accessors": [
              {
                "kind": "Accessor",
                "name": "Get",
                "printedName": "Get()",
                "children": [
                  {
                    "kind": "TypeNominal",
                    "name": "Int",
                    "printedName": "Swift.Int",
                    "usr": "s:Si"
                  }
                ],
                "declKind": "Accessor",
                "usr": "s:12PenAttendify0aB5ErrorO9hashValueSivg",
                "mangledName": "$s12PenAttendify0aB5ErrorO9hashValueSivg",
                "moduleName": "PenAttendify",
                "implicit": true,
                "accessorKind": "get"
              }
            ]
          },
          {
            "kind": "Function",
            "name": "hash",
            "printedName": "hash(into:)",
            "children": [
              {
                "kind": "TypeNominal",
                "name": "Void",
                "printedName": "()"
              },
              {
                "kind": "TypeNominal",
                "name": "Hasher",
                "printedName": "Swift.Hasher",
                "paramValueOwnership": "InOut",
                "usr": "s:s6HasherV"
              }
            ],
            "declKind": "Func",
            "usr": "s:12PenAttendify0aB5ErrorO4hash4intoys6HasherVz_tF",
            "mangledName": "$s12PenAttendify0aB5ErrorO4hash4intoys6HasherVz_tF",
            "moduleName": "PenAttendify",
            "implicit": true,
            "funcSelfKind": "NonMutating"
          }
        ],
        "declKind": "Enum",
        "usr": "s:12PenAttendify0aB5ErrorO",
        "mangledName": "$s12PenAttendify0aB5ErrorO",
        "moduleName": "PenAttendify",
        "declAttributes": [
          "AccessControl",
          "RawDocComment"
        ],
        "conformances": [
          {
            "kind": "Conformance",
            "name": "Equatable",
            "printedName": "Equatable",
            "usr": "s:SQ",
            "mangledName": "$sSQ"
          },
          {
            "kind": "Conformance",
            "name": "Hashable",
            "printedName": "Hashable",
            "usr": "s:SH",
            "mangledName": "$sSH"
          }
        ]
      },
      {
        "kind": "Import",
        "name": "UIKit",
        "printedName": "UIKit",
        "declKind": "Import",
        "moduleName": "PenAttendify",
        "declAttributes": [
          "RawDocComment"
        ]
      },
      {
        "kind": "Import",
        "name": "CoreBluetooth",
        "printedName": "CoreBluetooth",
        "declKind": "Import",
        "moduleName": "PenAttendify"
      },
      {
        "kind": "Import",
        "name": "Foundation",
        "printedName": "Foundation",
        "declKind": "Import",
        "moduleName": "PenAttendify",
        "declAttributes": [
          "RawDocComment"
        ]
      },
      {
        "kind": "Import",
        "name": "Foundation",
        "printedName": "Foundation",
        "declKind": "Import",
        "moduleName": "PenAttendify",
        "declAttributes": [
          "RawDocComment"
        ]
      }
    ],
    "json_format_version": 8
  },
  "ConstValues": [
    {
      "filePath": "\/Users\/Waseela_1\/Downloads\/PenAttendify-iOS\/PenAttendify\/PenAttendify\/BeaconScanner.swift",
      "kind": "Array",
      "offset": 472,
      "length": 2,
      "value": "[]"
    },
    {
      "filePath": "\/Users\/Waseela_1\/Downloads\/PenAttendify-iOS\/PenAttendify\/PenAttendify\/BeaconScanner.swift",
      "kind": "BooleanLiteral",
      "offset": 496,
      "length": 5,
      "value": "false"
    },
    {
      "filePath": "\/Users\/Waseela_1\/Downloads\/PenAttendify-iOS\/PenAttendify\/PenAttendify\/BeaconScanner.swift",
      "kind": "FloatLiteral",
      "offset": 524,
      "length": 7,
      "value": "-1000.0"
    },
    {
      "filePath": "\/Users\/Waseela_1\/Downloads\/PenAttendify-iOS\/PenAttendify\/PenAttendify\/BeaconScanner.swift",
      "kind": "IntegerLiteral",
      "offset": 557,
      "length": 1,
      "value": "1"
    },
    {
      "filePath": "\/Users\/Waseela_1\/Downloads\/PenAttendify-iOS\/PenAttendify\/PenAttendify\/BeaconScanner.swift",
      "kind": "IntegerLiteral",
      "offset": 590,
      "length": 1,
      "value": "0"
    },
    {
      "filePath": "\/Users\/Waseela_1\/Downloads\/PenAttendify-iOS\/PenAttendify\/PenAttendify\/BeaconScanner.swift",
      "kind": "FloatLiteral",
      "offset": 615,
      "length": 3,
      "value": "5.0"
    },
    {
      "filePath": "\/Users\/Waseela_1\/Downloads\/PenAttendify-iOS\/PenAttendify\/PenAttendify\/BeaconScanner.swift",
      "kind": "BooleanLiteral",
      "offset": 842,
      "length": 4,
      "value": "true"
    },
    {
      "filePath": "\/Users\/Waseela_1\/Downloads\/PenAttendify-iOS\/PenAttendify\/PenAttendify\/BeaconScanner.swift",
      "kind": "BooleanLiteral",
      "offset": 1389,
      "length": 4,
      "value": "true"
    },
    {
      "filePath": "\/Users\/Waseela_1\/Downloads\/PenAttendify-iOS\/PenAttendify\/PenAttendify\/BeaconScanner.swift",
      "kind": "BooleanLiteral",
      "offset": 1778,
      "length": 4,
      "value": "true"
    },
    {
      "filePath": "\/Users\/Waseela_1\/Downloads\/PenAttendify-iOS\/PenAttendify\/PenAttendify\/BeaconScanner.swift",
      "kind": "BooleanLiteral",
      "offset": 2144,
      "length": 5,
      "value": "false"
    },
    {
      "filePath": "\/Users\/Waseela_1\/Downloads\/PenAttendify-iOS\/PenAttendify\/PenAttendify\/BeaconScanner.swift",
      "kind": "IntegerLiteral",
      "offset": 2322,
      "length": 1,
      "value": "0"
    },
    {
      "filePath": "\/Users\/Waseela_1\/Downloads\/PenAttendify-iOS\/PenAttendify\/PenAttendify\/BeaconScanner.swift",
      "kind": "IntegerLiteral",
      "offset": 2337,
      "length": 1,
      "value": "0"
    },
    {
      "filePath": "\/Users\/Waseela_1\/Downloads\/PenAttendify-iOS\/PenAttendify\/PenAttendify\/BeaconScanner.swift",
      "kind": "IntegerLiteral",
      "offset": 2468,
      "length": 1,
      "value": "1"
    },
    {
      "filePath": "\/Users\/Waseela_1\/Downloads\/PenAttendify-iOS\/PenAttendify\/PenAttendify\/BeaconScanner.swift",
      "kind": "BooleanLiteral",
      "offset": 2673,
      "length": 5,
      "value": "false"
    },
    {
      "filePath": "\/Users\/Waseela_1\/Downloads\/PenAttendify-iOS\/PenAttendify\/PenAttendify\/BeaconScanner.swift",
      "kind": "IntegerLiteral",
      "offset": 2983,
      "length": 1,
      "value": "0"
    },
    {
      "filePath": "\/Users\/Waseela_1\/Downloads\/PenAttendify-iOS\/PenAttendify\/PenAttendify\/BeaconScanner.swift",
      "kind": "BooleanLiteral",
      "offset": 3006,
      "length": 5,
      "value": "false"
    },
    {
      "filePath": "\/Users\/Waseela_1\/Downloads\/PenAttendify-iOS\/PenAttendify\/PenAttendify\/BeaconScanner.swift",
      "kind": "IntegerLiteral",
      "offset": 3441,
      "length": 2,
      "value": "-1"
    },
    {
      "filePath": "\/Users\/Waseela_1\/Downloads\/PenAttendify-iOS\/PenAttendify\/PenAttendify\/BeaconScanner.swift",
      "kind": "IntegerLiteral",
      "offset": 3489,
      "length": 1,
      "value": "0"
    },
    {
      "filePath": "\/Users\/Waseela_1\/Downloads\/PenAttendify-iOS\/PenAttendify\/PenAttendify\/BeaconScanner.swift",
      "kind": "IntegerLiteral",
      "offset": 3495,
      "length": 1,
      "value": "1"
    },
    {
      "filePath": "\/Users\/Waseela_1\/Downloads\/PenAttendify-iOS\/PenAttendify\/PenAttendify\/BeaconScanner.swift",
      "kind": "IntegerLiteral",
      "offset": 3709,
      "length": 3,
      "value": "100"
    },
    {
      "filePath": "\/Users\/Waseela_1\/Downloads\/PenAttendify-iOS\/PenAttendify\/PenAttendify\/ResponseModels\/TokenResponseModel.swift",
      "kind": "StringLiteral",
      "offset": 248,
      "length": 7,
      "value": "\"Token\""
    },
    {
      "filePath": "\/Users\/Waseela_1\/Downloads\/PenAttendify-iOS\/PenAttendify\/PenAttendify\/ResponseModels\/TokenResponseModel.swift",
      "kind": "StringLiteral",
      "offset": 248,
      "length": 7,
      "value": "\"Token\""
    },
    {
      "filePath": "\/Users\/Waseela_1\/Downloads\/PenAttendify-iOS\/PenAttendify\/PenAttendify\/DataManager.swift",
      "kind": "StringLiteral",
      "offset": 170,
      "length": 2,
      "value": "\"\""
    },
    {
      "filePath": "\/Users\/Waseela_1\/Downloads\/PenAttendify-iOS\/PenAttendify\/PenAttendify\/DataManager.swift",
      "kind": "StringLiteral",
      "offset": 195,
      "length": 2,
      "value": "\"\""
    },
    {
      "filePath": "\/Users\/Waseela_1\/Downloads\/PenAttendify-iOS\/PenAttendify\/PenAttendify\/DataManager.swift",
      "kind": "StringLiteral",
      "offset": 219,
      "length": 2,
      "value": "\"\""
    },
    {
      "filePath": "\/Users\/Waseela_1\/Downloads\/PenAttendify-iOS\/PenAttendify\/PenAttendify\/DataManager.swift",
      "kind": "StringLiteral",
      "offset": 242,
      "length": 2,
      "value": "\"\""
    },
    {
      "filePath": "\/Users\/Waseela_1\/Downloads\/PenAttendify-iOS\/PenAttendify\/PenAttendify\/DataManager.swift",
      "kind": "StringLiteral",
      "offset": 267,
      "length": 2,
      "value": "\"\""
    },
    {
      "filePath": "\/Users\/Waseela_1\/Downloads\/PenAttendify-iOS\/PenAttendify\/PenAttendify\/DataManager.swift",
      "kind": "StringLiteral",
      "offset": 290,
      "length": 2,
      "value": "\"\""
    },
    {
      "filePath": "\/Users\/Waseela_1\/Downloads\/PenAttendify-iOS\/PenAttendify\/PenAttendify\/DataManager.swift",
      "kind": "StringLiteral",
      "offset": 485,
      "length": 89,
      "value": "\"\""
    },
    {
      "filePath": "\/Users\/Waseela_1\/Downloads\/PenAttendify-iOS\/PenAttendify\/PenAttendify\/DataManager.swift",
      "kind": "StringLiteral",
      "offset": 496,
      "length": 1,
      "value": "\"\/\""
    },
    {
      "filePath": "\/Users\/Waseela_1\/Downloads\/PenAttendify-iOS\/PenAttendify\/PenAttendify\/DataManager.swift",
      "kind": "StringLiteral",
      "offset": 511,
      "length": 1,
      "value": "\"\/\""
    },
    {
      "filePath": "\/Users\/Waseela_1\/Downloads\/PenAttendify-iOS\/PenAttendify\/PenAttendify\/DataManager.swift",
      "kind": "StringLiteral",
      "offset": 526,
      "length": 1,
      "value": "\"\/\""
    },
    {
      "filePath": "\/Users\/Waseela_1\/Downloads\/PenAttendify-iOS\/PenAttendify\/PenAttendify\/DataManager.swift",
      "kind": "StringLiteral",
      "offset": 539,
      "length": 1,
      "value": "\"\/\""
    },
    {
      "filePath": "\/Users\/Waseela_1\/Downloads\/PenAttendify-iOS\/PenAttendify\/PenAttendify\/DataManager.swift",
      "kind": "StringLiteral",
      "offset": 573,
      "length": 1,
      "value": "\"\""
    },
    {
      "filePath": "\/Users\/Waseela_1\/Downloads\/PenAttendify-iOS\/PenAttendify\/PenAttendify\/DataManager.swift",
      "kind": "StringLiteral",
      "offset": 983,
      "length": 28,
      "value": "\"TagScannerPositionInterval\""
    },
    {
      "filePath": "\/Users\/Waseela_1\/Downloads\/PenAttendify-iOS\/PenAttendify\/PenAttendify\/DataManager.swift",
      "kind": "IntegerLiteral",
      "offset": 1180,
      "length": 4,
      "value": "1000"
    },
    {
      "filePath": "\/Users\/Waseela_1\/Downloads\/PenAttendify-iOS\/PenAttendify\/PenAttendify\/DataManager.swift",
      "kind": "StringLiteral",
      "offset": 1228,
      "length": 23,
      "value": "\"ZoneDecisionThreshold\""
    },
    {
      "filePath": "\/Users\/Waseela_1\/Downloads\/PenAttendify-iOS\/PenAttendify\/PenAttendify\/DataManager.swift",
      "kind": "StringLiteral",
      "offset": 1450,
      "length": 28,
      "value": "\"AttendanceBeaconRssiCutOff\""
    },
    {
      "filePath": "\/Users\/Waseela_1\/Downloads\/PenAttendify-iOS\/PenAttendify\/PenAttendify\/DataManager.swift",
      "kind": "StringLiteral",
      "offset": 1914,
      "length": 94,
      "value": "\"\""
    },
    {
      "filePath": "\/Users\/Waseela_1\/Downloads\/PenAttendify-iOS\/PenAttendify\/PenAttendify\/DataManager.swift",
      "kind": "StringLiteral",
      "offset": 1925,
      "length": 1,
      "value": "\"\/\""
    },
    {
      "filePath": "\/Users\/Waseela_1\/Downloads\/PenAttendify-iOS\/PenAttendify\/PenAttendify\/DataManager.swift",
      "kind": "StringLiteral",
      "offset": 1940,
      "length": 1,
      "value": "\"\/\""
    },
    {
      "filePath": "\/Users\/Waseela_1\/Downloads\/PenAttendify-iOS\/PenAttendify\/PenAttendify\/DataManager.swift",
      "kind": "StringLiteral",
      "offset": 1955,
      "length": 1,
      "value": "\"\/\""
    },
    {
      "filePath": "\/Users\/Waseela_1\/Downloads\/PenAttendify-iOS\/PenAttendify\/PenAttendify\/DataManager.swift",
      "kind": "StringLiteral",
      "offset": 1968,
      "length": 1,
      "value": "\"\/\""
    },
    {
      "filePath": "\/Users\/Waseela_1\/Downloads\/PenAttendify-iOS\/PenAttendify\/PenAttendify\/DataManager.swift",
      "kind": "StringLiteral",
      "offset": 2007,
      "length": 1,
      "value": "\"\""
    },
    {
      "filePath": "\/Users\/Waseela_1\/Downloads\/PenAttendify-iOS\/PenAttendify\/PenAttendify\/DataManager.swift",
      "kind": "StringLiteral",
      "offset": 2545,
      "length": 88,
      "value": "\"\""
    },
    {
      "filePath": "\/Users\/Waseela_1\/Downloads\/PenAttendify-iOS\/PenAttendify\/PenAttendify\/DataManager.swift",
      "kind": "StringLiteral",
      "offset": 2556,
      "length": 1,
      "value": "\"\/\""
    },
    {
      "filePath": "\/Users\/Waseela_1\/Downloads\/PenAttendify-iOS\/PenAttendify\/PenAttendify\/DataManager.swift",
      "kind": "StringLiteral",
      "offset": 2571,
      "length": 1,
      "value": "\"\/\""
    },
    {
      "filePath": "\/Users\/Waseela_1\/Downloads\/PenAttendify-iOS\/PenAttendify\/PenAttendify\/DataManager.swift",
      "kind": "StringLiteral",
      "offset": 2586,
      "length": 1,
      "value": "\"\/\""
    },
    {
      "filePath": "\/Users\/Waseela_1\/Downloads\/PenAttendify-iOS\/PenAttendify\/PenAttendify\/DataManager.swift",
      "kind": "StringLiteral",
      "offset": 2599,
      "length": 1,
      "value": "\"\/\""
    },
    {
      "filePath": "\/Users\/Waseela_1\/Downloads\/PenAttendify-iOS\/PenAttendify\/PenAttendify\/DataManager.swift",
      "kind": "StringLiteral",
      "offset": 2632,
      "length": 1,
      "value": "\"\""
    },
    {
      "filePath": "\/Users\/Waseela_1\/Downloads\/PenAttendify-iOS\/PenAttendify\/PenAttendify\/APIManager.swift",
      "kind": "StringLiteral",
      "offset": 179,
      "length": 2,
      "value": "\"\""
    },
    {
      "filePath": "\/Users\/Waseela_1\/Downloads\/PenAttendify-iOS\/PenAttendify\/PenAttendify\/APIManager.swift",
      "kind": "BooleanLiteral",
      "offset": 641,
      "length": 5,
      "value": "false"
    },
    {
      "filePath": "\/Users\/Waseela_1\/Downloads\/PenAttendify-iOS\/PenAttendify\/PenAttendify\/APIManager.swift",
      "kind": "StringLiteral",
      "offset": 740,
      "length": 13,
      "value": "\"\""
    },
    {
      "filePath": "\/Users\/Waseela_1\/Downloads\/PenAttendify-iOS\/PenAttendify\/PenAttendify\/APIManager.swift",
      "kind": "StringLiteral",
      "offset": 752,
      "length": 4,
      "value": "\"\""
    },
    {
      "filePath": "\/Users\/Waseela_1\/Downloads\/PenAttendify-iOS\/PenAttendify\/PenAttendify\/APIManager.swift",
      "kind": "StringLiteral",
      "offset": 1093,
      "length": 18,
      "value": "\"application\/json\""
    },
    {
      "filePath": "\/Users\/Waseela_1\/Downloads\/PenAttendify-iOS\/PenAttendify\/PenAttendify\/APIManager.swift",
      "kind": "StringLiteral",
      "offset": 1133,
      "length": 14,
      "value": "\"Content-Type\""
    },
    {
      "filePath": "\/Users\/Waseela_1\/Downloads\/PenAttendify-iOS\/PenAttendify\/PenAttendify\/APIManager.swift",
      "kind": "StringLiteral",
      "offset": 1438,
      "length": 31,
      "value": "\"Bearer \""
    },
    {
      "filePath": "\/Users\/Waseela_1\/Downloads\/PenAttendify-iOS\/PenAttendify\/PenAttendify\/APIManager.swift",
      "kind": "StringLiteral",
      "offset": 1468,
      "length": 24,
      "value": "\"\""
    },
    {
      "filePath": "\/Users\/Waseela_1\/Downloads\/PenAttendify-iOS\/PenAttendify\/PenAttendify\/APIManager.swift",
      "kind": "StringLiteral",
      "offset": 1491,
      "length": 15,
      "value": "\"Authorization\""
    },
    {
      "filePath": "\/Users\/Waseela_1\/Downloads\/PenAttendify-iOS\/PenAttendify\/PenAttendify\/APIManager.swift",
      "kind": "IntegerLiteral",
      "offset": 1851,
      "length": 3,
      "value": "401"
    },
    {
      "filePath": "\/Users\/Waseela_1\/Downloads\/PenAttendify-iOS\/PenAttendify\/PenAttendify\/APIManager.swift",
      "kind": "StringLiteral",
      "offset": 2674,
      "length": 82,
      "value": "\"\""
    },
    {
      "filePath": "\/Users\/Waseela_1\/Downloads\/PenAttendify-iOS\/PenAttendify\/PenAttendify\/APIManager.swift",
      "kind": "StringLiteral",
      "offset": 2697,
      "length": 1,
      "value": "\"\/\""
    },
    {
      "filePath": "\/Users\/Waseela_1\/Downloads\/PenAttendify-iOS\/PenAttendify\/PenAttendify\/APIManager.swift",
      "kind": "StringLiteral",
      "offset": 2724,
      "length": 1,
      "value": "\"\/\""
    },
    {
      "filePath": "\/Users\/Waseela_1\/Downloads\/PenAttendify-iOS\/PenAttendify\/PenAttendify\/APIManager.swift",
      "kind": "StringLiteral",
      "offset": 2755,
      "length": 1,
      "value": "\"\""
    },
    {
      "filePath": "\/Users\/Waseela_1\/Downloads\/PenAttendify-iOS\/PenAttendify\/PenAttendify\/APIManager.swift",
      "kind": "StringLiteral",
      "offset": 2783,
      "length": 6,
      "value": "\"Name\""
    },
    {
      "filePath": "\/Users\/Waseela_1\/Downloads\/PenAttendify-iOS\/PenAttendify\/PenAttendify\/APIManager.swift",
      "kind": "StringLiteral",
      "offset": 2797,
      "length": 5,
      "value": "\"Key\""
    },
    {
      "filePath": "\/Users\/Waseela_1\/Downloads\/PenAttendify-iOS\/PenAttendify\/PenAttendify\/APIManager.swift",
      "kind": "StringLiteral",
      "offset": 3003,
      "length": 2,
      "value": "\"\""
    },
    {
      "filePath": "\/Users\/Waseela_1\/Downloads\/PenAttendify-iOS\/PenAttendify\/PenAttendify\/APIManager.swift",
      "kind": "StringLiteral",
      "offset": 3096,
      "length": 5,
      "value": "\"GET\""
    },
    {
      "filePath": "\/Users\/Waseela_1\/Downloads\/PenAttendify-iOS\/PenAttendify\/PenAttendify\/APIManager.swift",
      "kind": "StringLiteral",
      "offset": 3118,
      "length": 6,
      "value": "\"POST\""
    },
    {
      "filePath": "\/Users\/Waseela_1\/Downloads\/PenAttendify-iOS\/PenAttendify\/PenAttendify\/APIManager.swift",
      "kind": "StringLiteral",
      "offset": 3096,
      "length": 5,
      "value": "\"GET\""
    },
    {
      "filePath": "\/Users\/Waseela_1\/Downloads\/PenAttendify-iOS\/PenAttendify\/PenAttendify\/APIManager.swift",
      "kind": "StringLiteral",
      "offset": 3118,
      "length": 6,
      "value": "\"POST\""
    },
    {
      "filePath": "\/Users\/Waseela_1\/Downloads\/PenAttendify-iOS\/PenAttendify\/PenAttendify\/APIManager.swift",
      "kind": "StringLiteral",
      "offset": 3176,
      "length": 21,
      "value": "\"attendance\/settings\""
    },
    {
      "filePath": "\/Users\/Waseela_1\/Downloads\/PenAttendify-iOS\/PenAttendify\/PenAttendify\/APIManager.swift",
      "kind": "StringLiteral",
      "offset": 3223,
      "length": 17,
      "value": "\"attendance\/uuid\""
    },
    {
      "filePath": "\/Users\/Waseela_1\/Downloads\/PenAttendify-iOS\/PenAttendify\/PenAttendify\/APIManager.swift",
      "kind": "StringLiteral",
      "offset": 3260,
      "length": 19,
      "value": "\"attendance\/beacon\""
    },
    {
      "filePath": "\/Users\/Waseela_1\/Downloads\/PenAttendify-iOS\/PenAttendify\/PenAttendify\/APIManager.swift",
      "kind": "StringLiteral",
      "offset": 3176,
      "length": 21,
      "value": "\"attendance\/settings\""
    },
    {
      "filePath": "\/Users\/Waseela_1\/Downloads\/PenAttendify-iOS\/PenAttendify\/PenAttendify\/APIManager.swift",
      "kind": "StringLiteral",
      "offset": 3223,
      "length": 17,
      "value": "\"attendance\/uuid\""
    },
    {
      "filePath": "\/Users\/Waseela_1\/Downloads\/PenAttendify-iOS\/PenAttendify\/PenAttendify\/APIManager.swift",
      "kind": "StringLiteral",
      "offset": 3260,
      "length": 19,
      "value": "\"attendance\/beacon\""
    },
    {
      "filePath": "\/Users\/Waseela_1\/Downloads\/PenAttendify-iOS\/PenAttendify\/PenAttendify\/APIManager.swift",
      "kind": "StringLiteral",
      "offset": 3328,
      "length": 22,
      "value": "\"AuthAPI.svc\/GetToken\""
    },
    {
      "filePath": "\/Users\/Waseela_1\/Downloads\/PenAttendify-iOS\/PenAttendify\/PenAttendify\/APIManager.swift",
      "kind": "StringLiteral",
      "offset": 3328,
      "length": 22,
      "value": "\"AuthAPI.svc\/GetToken\""
    },
    {
      "filePath": "\/Users\/Waseela_1\/Downloads\/PenAttendify-iOS\/PenAttendify\/PenAttendify\/PenAttendifyConfiguration.swift",
      "kind": "StringLiteral",
      "offset": 2013,
      "length": 2,
      "value": "\"\""
    },
    {
      "filePath": "\/Users\/Waseela_1\/Downloads\/PenAttendify-iOS\/PenAttendify\/PenAttendify\/PenAttendifyConfiguration.swift",
      "kind": "StringLiteral",
      "offset": 2086,
      "length": 2,
      "value": "\"\""
    },
    {
      "filePath": "\/Users\/Waseela_1\/Downloads\/PenAttendify-iOS\/PenAttendify\/PenAttendify\/PenAttendifyConfiguration.swift",
      "kind": "StringLiteral",
      "offset": 2157,
      "length": 2,
      "value": "\"\""
    },
    {
      "filePath": "\/Users\/Waseela_1\/Downloads\/PenAttendify-iOS\/PenAttendify\/PenAttendify\/PenAttendifyConfiguration.swift",
      "kind": "StringLiteral",
      "offset": 2226,
      "length": 2,
      "value": "\"\""
    },
    {
      "filePath": "\/Users\/Waseela_1\/Downloads\/PenAttendify-iOS\/PenAttendify\/PenAttendify\/PenAttendifyConfiguration.swift",
      "kind": "StringLiteral",
      "offset": 2299,
      "length": 2,
      "value": "\"\""
    },
    {
      "filePath": "\/Users\/Waseela_1\/Downloads\/PenAttendify-iOS\/PenAttendify\/PenAttendify\/PenAttendifyConfiguration.swift",
      "kind": "StringLiteral",
      "offset": 2368,
      "length": 2,
      "value": "\"\""
    },
    {
      "filePath": "\/Users\/Waseela_1\/Downloads\/PenAttendify-iOS\/PenAttendify\/PenAttendify\/PenAttendify.swift",
      "kind": "BooleanLiteral",
      "offset": 390,
      "length": 5,
      "value": "false"
    },
    {
      "filePath": "\/Users\/Waseela_1\/Downloads\/PenAttendify-iOS\/PenAttendify\/PenAttendify\/PenAttendify.swift",
      "kind": "BooleanLiteral",
      "offset": 1588,
      "length": 4,
      "value": "true"
    },
    {
      "filePath": "\/Users\/Waseela_1\/Downloads\/PenAttendify-iOS\/PenAttendify\/PenAttendify\/PenAttendify.swift",
      "kind": "BooleanLiteral",
      "offset": 2573,
      "length": 5,
      "value": "false"
    },
    {
      "filePath": "\/Users\/Waseela_1\/Downloads\/PenAttendify-iOS\/PenAttendify\/PenAttendify\/BluetoothManager.swift",
      "kind": "BooleanLiteral",
      "offset": 480,
      "length": 5,
      "value": "false"
    },
    {
      "filePath": "\/Users\/Waseela_1\/Downloads\/PenAttendify-iOS\/PenAttendify\/PenAttendify\/BluetoothManager.swift",
      "kind": "BooleanLiteral",
      "offset": 733,
      "length": 4,
      "value": "true"
    },
    {
      "filePath": "\/Users\/Waseela_1\/Downloads\/PenAttendify-iOS\/PenAttendify\/PenAttendify\/BluetoothManager.swift",
      "kind": "BooleanLiteral",
      "offset": 941,
      "length": 4,
      "value": "true"
    },
    {
      "filePath": "\/Users\/Waseela_1\/Downloads\/PenAttendify-iOS\/PenAttendify\/PenAttendify\/ResponseModels\/BeaconRegionsResponseModel.swift",
      "kind": "StringLiteral",
      "offset": 315,
      "length": 10,
      "value": "\"UUIDData\""
    },
    {
      "filePath": "\/Users\/Waseela_1\/Downloads\/PenAttendify-iOS\/PenAttendify\/PenAttendify\/ResponseModels\/BeaconRegionsResponseModel.swift",
      "kind": "StringLiteral",
      "offset": 315,
      "length": 10,
      "value": "\"UUIDData\""
    }
  ]
}